ParticipantID,ParticipantSex,Health_Status,SPEAKER_ID,Health_Rating,Disease_Likelihood_Rating,Illness_Frequency_Rating,Symptom_Severity_Ratings
1,1,1,1,5,5,5,5
1,1,1,2,5,5,5,6
1,1,1,3,5,5,5,6
1,1,1,4,5,5,5,5
1,1,1,5,5,5,5,5
1,1,1,6,5,5,5,5
1,1,1,7,3,5,3,4
1,1,1,8,5,5,5,5
1,1,1,9,5,5,5,5
1,1,1,10,5,5,6,5
1,1,0,11,4,5,4,6
1,1,0,12,5,5,4,5
1,1,0,13,5,5,5,7
1,1,0,14,3,5,5,5
1,1,0,15,4,5,3,7
1,1,0,16,5,5,5,6
1,1,0,17,5,5,4,7
1,1,0,18,4,5,4,7
1,1,0,19,5,5,3,5
1,1,0,20,5,5,5,5
2,0,1,1,6,5,7,4
2,0,1,2,4,3,3,7
2,0,1,3,6,5,3,3
2,0,1,4,3,3,6,3
2,0,1,5,7,7,7,4
2,0,1,6,3,6,4,7
2,0,1,7,2,6,3,3
2,0,1,8,6,7,4,7
2,0,1,9,4,7,6,4
2,0,1,10,2,4,4,4
2,0,0,11,6,5,4,6
2,0,0,12,6,6,3,6
2,0,0,13,5,6,3,8
2,0,0,14,3,8,7,6
2,0,0,15,8,8,6,4
2,0,0,16,8,7,7,3
2,0,0,17,4,7,8,7
2,0,0,18,5,4,6,6
2,0,0,19,3,6,5,7
2,0,0,20,7,7,7,6
3,1,1,1,7,4,6,6
3,1,1,2,7,6,8,8
3,1,1,3,8,3,7,7
3,1,1,4,8,3,4,3
3,1,1,5,8,7,7,7
3,1,1,6,7,4,3,8
3,1,1,7,4,3,3,3
3,1,1,8,6,6,2,6
3,1,1,9,5,4,2,3
3,1,1,10,6,3,2,3
3,1,0,11,8,3,4,4
3,1,0,12,5,3,3,5
3,1,0,13,8,6,2,7
3,1,0,14,8,6,8,8
3,1,0,15,4,4,2,8
3,1,0,16,8,6,7,7
3,1,0,17,6,3,2,8
3,1,0,18,7,6,7,3
3,1,0,19,5,3,3,4
3,1,0,20,5,5,3,8
4,1,1,1,5,6,5,6
4,1,1,2,5,4,4,5
4,1,1,3,5,5,6,3
4,1,1,4,6,5,6,5
4,1,1,5,4,4,5,5
4,1,1,6,5,5,6,4
4,1,1,7,5,6,5,4
4,1,1,8,4,4,6,5
4,1,1,9,6,6,6,3
4,1,1,10,6,5,5,5
4,1,0,11,5,7,5,3
4,1,0,12,6,7,5,7
4,1,0,13,6,6,5,6
4,1,0,14,5,3,5,4
4,1,0,15,5,4,5,5
4,1,0,16,6,5,5,4
4,1,0,17,5,4,5,5
4,1,0,18,5,5,5,5
4,1,0,19,4,5,5,5
4,1,0,20,4,4,6,4
5,1,1,1,6,6,5,5
5,1,1,2,9,5,6,4
5,1,1,3,9,8,7,9
5,1,1,4,9,7,7,5
5,1,1,5,9,6,8,4
5,1,1,6,8,4,6,5
5,1,1,7,4,6,5,1
5,1,1,8,7,7,8,6
5,1,1,9,9,5,3,5
5,1,1,10,6,2,3,3
5,1,0,11,8,4,5,3
5,1,0,12,3,2,1,7
5,1,0,13,7,8,4,7
5,1,0,14,7,8,7,7
5,1,0,15,4,7,7,4
5,1,0,16,8,6,7,5
5,1,0,17,8,3,2,6
5,1,0,18,7,7,5,5
5,1,0,19,4,4,6,2
5,1,0,20,9,4,7,4
6,1,1,1,4,7,4,4
6,1,1,2,3,8,4,3
6,1,1,3,2,5,7,1
6,1,1,4,6,4,4,5
6,1,1,5,8,7,7,8
6,1,1,6,3,7,7,8
6,1,1,7,8,7,8,8
6,1,1,8,8,8,7,7
6,1,1,9,7,8,8,7
6,1,1,10,8,8,7,7
6,1,0,11,7,4,4,4
6,1,0,12,4,3,7,2
6,1,0,13,4,5,3,3
6,1,0,14,2,7,7,5
6,1,0,15,2,3,3,2
6,1,0,16,6,5,5,4
6,1,0,17,3,4,4,4
6,1,0,18,4,8,6,7
6,1,0,19,6,4,3,4
6,1,0,20,7,6,6,7
7,1,1,1,6,7,7,5
7,1,1,2,6,7,7,6
7,1,1,3,2,5,4,7
7,1,1,4,5,8,6,7
7,1,1,5,7,7,4,6
7,1,1,6,7,3,4,4
7,1,1,7,4,7,7,4
7,1,1,8,8,2,7,4
7,1,1,9,7,4,7,6
7,1,1,10,8,8,3,3
7,1,0,11,6,2,6,3
7,1,0,12,1,2,3,6
7,1,0,13,3,5,4,4
7,1,0,14,3,8,9,8
7,1,0,15,5,3,4,7
7,1,0,16,8,4,8,4
7,1,0,17,2,3,3,3
7,1,0,18,4,8,4,3
7,1,0,19,6,7,2,2
7,1,0,20,4,1,3,5
8,0,1,1,4,2,4,4
8,0,1,2,5,3,3,6
8,0,1,3,3,3,4,4
8,0,1,4,4,3,4,7
8,0,1,5,1,4,3,6
8,0,1,6,4,7,3,6
8,0,1,7,7,4,3,6
8,0,1,8,2,3,3,3
8,0,1,9,4,3,3,4
8,0,1,10,7,2,7,3
8,0,0,11,6,6,8,7
8,0,0,12,7,6,5,7
8,0,0,13,3,5,5,3
8,0,0,14,8,4,3,6
8,0,0,15,7,3,7,9
8,0,0,16,8,3,6,5
8,0,0,17,6,6,3,3
8,0,0,18,6,6,7,6
8,0,0,19,6,8,6,5
8,0,0,20,3,7,3,8
9,1,1,1,5,5,5,5
9,1,1,2,5,5,5,5
9,1,1,3,5,5,5,5
9,1,1,4,5,5,4,5
9,1,1,5,5,5,3,5
9,1,1,6,5,5,5,5
9,1,1,7,5,5,5,5
9,1,1,8,5,5,5,5
9,1,1,9,5,5,5,5
9,1,1,10,5,5,5,5
9,1,0,11,5,5,3,5
9,1,0,12,5,5,5,5
9,1,0,13,5,5,4,5
9,1,0,14,5,5,3,5
9,1,0,15,5,5,5,5
9,1,0,16,5,5,5,5
9,1,0,17,5,5,4,5
9,1,0,18,5,5,2,5
9,1,0,19,5,5,4,5
9,1,0,20,5,5,5,5
10,1,1,1,9,3,7,6
10,1,1,2,9,4,3,3
10,1,1,3,9,5,3,8
10,1,1,4,9,5,3,7
10,1,1,5,9,4,7,7
10,1,1,6,9,8,3,7
10,1,1,7,9,3,3,3
10,1,1,8,9,7,7,7
10,1,1,9,9,5,2,5
10,1,1,10,9,3,3,5
10,1,0,11,9,5,3,7
10,1,0,12,9,5,2,8
10,1,0,13,9,5,8,3
10,1,0,14,9,5,7,3
10,1,0,15,9,5,7,3
10,1,0,16,9,8,7,7
10,1,0,17,9,5,7,6
10,1,0,18,9,3,2,7
10,1,0,19,9,7,3,7
10,1,0,20,9,3,7,8
11,0,1,1,4,5,4,4
11,0,1,2,5,6,6,5
11,0,1,3,6,6,5,4
11,0,1,4,7,5,5,5
11,0,1,5,5,5,5,4
11,0,1,6,7,7,5,5
11,0,1,7,6,6,5,5
11,0,1,8,5,5,5,4
11,0,1,9,6,6,4,5
11,0,1,10,7,6,5,5
11,0,0,11,5,6,6,4
11,0,0,12,3,4,3,5
11,0,0,13,5,5,5,4
11,0,0,14,7,7,6,6
11,0,0,15,3,4,3,3
11,0,0,16,4,5,5,5
11,0,0,17,6,5,4,4
11,0,0,18,7,5,5,4
11,0,0,19,4,4,5,3
11,0,0,20,4,4,4,3
12,0,1,1,7,5,4,3
12,0,1,2,6,7,4,4
12,0,1,3,6,5,6,5
12,0,1,4,7,8,7,5
12,0,1,5,4,7,6,5
12,0,1,6,7,7,7,5
12,0,1,7,5,7,4,6
12,0,1,8,7,7,6,4
12,0,1,9,4,7,6,5
12,0,1,10,7,7,7,5
12,0,0,11,5,4,5,4
12,0,0,12,4,7,6,3
12,0,0,13,7,6,6,6
12,0,0,14,7,6,6,4
12,0,0,15,5,7,5,3
12,0,0,16,5,6,4,4
12,0,0,17,5,7,5,4
12,0,0,18,6,7,7,5
12,0,0,19,4,3,6,3
12,0,0,20,6,5,5,5
13,0,1,1,7,2,1,7
13,0,1,2,8,3,4,8
13,0,1,3,6,2,2,8
13,0,1,4,8,4,3,9
13,0,1,5,6,3,3,7
13,0,1,6,8,1,2,8
13,0,1,7,8,4,6,6
13,0,1,8,7,2,1,6
13,0,1,9,9,3,5,7
13,0,1,10,9,1,4,8
13,0,0,11,7,4,1,8
13,0,0,12,5,4,5,8
13,0,0,13,8,2,5,8
13,0,0,14,8,3,5,8
13,0,0,15,5,4,2,7
13,0,0,16,8,3,3,7
13,0,0,17,5,4,4,7
13,0,0,18,4,2,3,7
13,0,0,19,6,2,5,9
13,0,0,20,7,2,3,9
14,0,1,1,7,4,6,5
14,0,1,2,5,5,6,5
14,0,1,3,7,3,8,4
14,0,1,4,8,3,7,4
14,0,1,5,7,3,7,5
14,0,1,6,6,6,7,3
14,0,1,7,5,3,4,7
14,0,1,8,8,4,7,5
14,0,1,9,6,5,8,7
14,0,1,10,6,3,7,7
14,0,0,11,7,4,6,6
14,0,0,12,5,3,7,5
14,0,0,13,4,5,7,5
14,0,0,14,7,7,8,5
14,0,0,15,4,4,7,5
14,0,0,16,7,5,7,6
14,0,0,17,6,6,7,3
14,0,0,18,6,6,7,5
14,0,0,19,7,5,6,6
14,0,0,20,7,6,6,5
15,1,1,1,6,6,7,5
15,1,1,2,7,3,3,1
15,1,1,3,9,2,2,6
15,1,1,4,5,6,3,3
15,1,1,5,9,6,8,5
15,1,1,6,9,8,8,8
15,1,1,7,4,7,6,7
15,1,1,8,6,6,3,8
15,1,1,9,8,7,9,6
15,1,1,10,6,4,4,6
15,1,0,11,5,8,5,4
15,1,0,12,2,4,8,1
15,1,0,13,7,4,3,4
15,1,0,14,4,3,6,5
15,1,0,15,3,2,1,7
15,1,0,16,4,5,6,6
15,1,0,17,4,6,5,4
15,1,0,18,2,9,8,6
15,1,0,19,7,7,2,2
15,1,0,20,7,2,2,2
16,0,1,1,4,3,3,3
16,0,1,2,4,6,3,4
16,0,1,3,4,7,7,3
16,0,1,4,6,6,6,7
16,0,1,5,3,4,4,4
16,0,1,6,6,6,4,7
16,0,1,7,3,4,4,6
16,0,1,8,8,7,7,8
16,0,1,9,6,7,5,7
16,0,1,10,4,4,6,8
16,0,0,11,4,6,6,3
16,0,0,12,2,6,6,4
16,0,0,13,7,7,6,7
16,0,0,14,3,7,4,2
16,0,0,15,6,4,4,6
16,0,0,16,3,5,7,7
16,0,0,17,6,4,7,2
16,0,0,18,3,3,3,2
16,0,0,19,6,4,3,3
16,0,0,20,5,5,7,7
17,1,1,1,6,4,8,5
17,1,1,2,6,4,5,7
17,1,1,3,6,2,2,5
17,1,1,4,5,4,5,5
17,1,1,5,5,3,5,5
17,1,1,6,5,2,6,6
17,1,1,7,2,1,2,5
17,1,1,8,8,5,5,5
17,1,1,9,6,1,4,2
17,1,1,10,3,2,5,6
17,1,0,11,4,4,2,5
17,1,0,12,3,1,4,7
17,1,0,13,6,3,6,5
17,1,0,14,4,2,3,4
17,1,0,15,5,5,5,6
17,1,0,16,6,4,5,6
17,1,0,17,6,3,5,6
17,1,0,18,8,5,6,5
17,1,0,19,4,4,2,5
17,1,0,20,5,2,2,4
18,1,1,1,6,6,7,4
18,1,1,2,5,7,7,3
18,1,1,3,6,7,7,7
18,1,1,4,5,6,7,2
18,1,1,5,6,7,7,4
18,1,1,6,8,4,8,7
18,1,1,7,5,8,5,3
18,1,1,8,6,7,6,3
18,1,1,9,3,7,4,4
18,1,1,10,6,4,6,6
18,1,0,11,6,7,5,4
18,1,0,12,7,7,5,4
18,1,0,13,8,4,4,6
18,1,0,14,7,4,4,3
18,1,0,15,7,4,5,4
18,1,0,16,7,2,4,2
18,1,0,17,7,4,6,3
18,1,0,18,5,6,5,2
18,1,0,19,7,6,6,5
18,1,0,20,7,7,7,3
19,0,1,1,6,6,4,5
19,0,1,2,4,8,6,4
19,0,1,3,6,7,7,6
19,0,1,4,5,6,7,7
19,0,1,5,5,7,6,5
19,0,1,6,5,7,5,4
19,0,1,7,6,3,5,5
19,0,1,8,6,5,6,6
19,0,1,9,7,5,3,6
19,0,1,10,6,5,5,5
19,0,0,11,4,1,5,4
19,0,0,12,3,5,4,6
19,0,0,13,6,5,5,6
19,0,0,14,3,6,5,6
19,0,0,15,5,4,6,6
19,0,0,16,6,4,6,5
19,0,0,17,5,3,4,8
19,0,0,18,7,3,5,6
19,0,0,19,5,5,6,5
19,0,0,20,6,4,5,6
20,0,1,1,4,5,6,3
20,0,1,2,4,7,7,3
20,0,1,3,6,6,3,7
20,0,1,4,4,7,3,3
20,0,1,5,4,7,4,8
20,0,1,6,7,3,4,3
20,0,1,7,2,3,2,6
20,0,1,8,4,4,4,9
20,0,1,9,5,1,4,7
20,0,1,10,2,7,9,4
20,0,0,11,4,5,1,6
20,0,0,12,7,5,6,5
20,0,0,13,8,1,3,6
20,0,0,14,8,6,6,6
20,0,0,15,8,3,6,4
20,0,0,16,6,6,7,7
20,0,0,17,8,6,7,7
20,0,0,18,7,3,7,6
20,0,0,19,4,9,4,4
20,0,0,20,3,4,4,7
21,1,1,1,6,5,6,6
21,1,1,2,5,3,4,7
21,1,1,3,7,6,6,6
21,1,1,4,4,5,5,8
21,1,1,5,7,5,6,8
21,1,1,6,5,7,4,4
21,1,1,7,4,3,6,3
21,1,1,8,3,6,7,5
21,1,1,9,4,3,4,6
21,1,1,10,3,3,5,4
21,1,0,11,3,5,4,4
21,1,0,12,2,5,4,6
21,1,0,13,5,4,6,6
21,1,0,14,8,5,8,7
21,1,0,15,5,3,3,4
21,1,0,16,7,6,6,5
21,1,0,17,3,4,3,5
21,1,0,18,4,5,4,4
21,1,0,19,5,5,5,3
21,1,0,20,5,5,5,4
22,0,1,1,5,4,4,5
22,0,1,2,4,6,5,5
22,0,1,3,5,5,4,6
22,0,1,4,5,5,5,5
22,0,1,5,6,5,6,7
22,0,1,6,5,5,5,5
22,0,1,7,4,6,5,8
22,0,1,8,6,4,5,5
22,0,1,9,7,5,6,7
22,0,1,10,7,7,6,7
22,0,0,11,5,5,5,5
22,0,0,12,5,5,4,5
22,0,0,13,5,5,4,5
22,0,0,14,7,5,5,5
22,0,0,15,3,5,5,4
22,0,0,16,4,5,5,6
22,0,0,17,3,3,4,5
22,0,0,18,4,5,5,5
22,0,0,19,5,6,3,6
22,0,0,20,5,5,5,6
23,0,1,1,4,4,7,5
23,0,1,2,5,7,4,5
23,0,1,3,5,5,6,6
23,0,1,4,5,5,6,4
23,0,1,5,3,7,5,5
23,0,1,6,5,5,7,4
23,0,1,7,3,5,6,5
23,0,1,8,4,5,5,5
23,0,1,9,4,5,5,3
23,0,1,10,6,5,7,4
23,0,0,11,5,5,6,3
23,0,0,12,5,5,5,3
23,0,0,13,3,5,6,5
23,0,0,14,4,8,7,6
23,0,0,15,3,5,5,5
23,0,0,16,4,5,6,3
23,0,0,17,4,5,8,4
23,0,0,18,4,5,7,4
23,0,0,19,4,5,7,4
23,0,0,20,4,5,7,5
24,1,1,1,8,7,7,4
24,1,1,2,2,1,5,1
24,1,1,3,4,3,4,3
24,1,1,4,6,7,5,9
24,1,1,5,6,6,8,2
24,1,1,6,6,5,9,4
24,1,1,7,4,1,7,3
24,1,1,8,8,7,6,5
24,1,1,9,6,7,6,8
24,1,1,10,9,3,6,8
24,1,0,11,9,6,3,3
24,1,0,12,3,4,3,1
24,1,0,13,9,7,5,9
24,1,0,14,4,3,4,6
24,1,0,15,7,3,4,9
24,1,0,16,5,7,3,7
24,1,0,17,7,6,8,6
24,1,0,18,3,5,7,8
24,1,0,19,5,9,7,5
24,1,0,20,8,6,6,4
25,0,1,1,6,6,8,7
25,0,1,2,7,8,9,7
25,0,1,3,7,6,9,7
25,0,1,4,6,7,5,6
25,0,1,5,3,6,5,7
25,0,1,6,8,7,8,8
25,0,1,7,3,3,4,4
25,0,1,8,5,6,4,6
25,0,1,9,6,6,8,6
25,0,1,10,6,8,4,6
25,0,0,11,8,7,7,7
25,0,0,12,3,4,3,8
25,0,0,13,3,4,6,4
25,0,0,14,8,8,8,6
25,0,0,15,2,2,4,3
25,0,0,16,8,4,7,7
25,0,0,17,4,5,3,4
25,0,0,18,8,7,7,8
25,0,0,19,4,2,5,2
25,0,0,20,6,4,5,3
26,0,1,1,3,3,6,4
26,0,1,2,4,3,2,3
26,0,1,3,5,4,4,4
26,0,1,4,4,3,4,4
26,0,1,5,4,4,4,4
26,0,1,6,4,3,3,5
26,0,1,7,4,3,3,3
26,0,1,8,3,4,5,5
26,0,1,9,4,4,6,4
26,0,1,10,5,4,4,5
26,0,0,11,4,3,4,4
26,0,0,12,4,4,3,4
26,0,0,13,4,4,3,4
26,0,0,14,4,4,5,4
26,0,0,15,4,4,6,4
26,0,0,16,4,4,5,4
26,0,0,17,4,4,4,4
26,0,0,18,3,3,4,4
26,0,0,19,4,3,5,3
26,0,0,20,4,5,5,4
27,0,1,1,5,5,4,5
27,0,1,2,5,6,5,5
27,0,1,3,6,5,5,5
27,0,1,4,6,6,6,4
27,0,1,5,5,5,6,6
27,0,1,6,7,5,4,5
27,0,1,7,5,4,6,5
27,0,1,8,7,6,6,4
27,0,1,9,5,5,5,5
27,0,1,10,5,4,6,3
27,0,0,11,6,6,6,6
27,0,0,12,7,6,6,5
27,0,0,13,7,6,5,5
27,0,0,14,7,6,6,4
27,0,0,15,5,6,5,4
27,0,0,16,5,6,4,5
27,0,0,17,6,4,5,4
27,0,0,18,5,6,5,4
27,0,0,19,6,6,6,6
27,0,0,20,6,5,6,6
28,1,1,1, ,3,2,6
28,1,1,2, ,7,5,4
28,1,1,3, ,5,8,9
28,1,1,4, ,3,4,1
28,1,1,5, ,6,9,9
28,1,1,6, ,2,9,1
28,1,1,7, ,9,6,9
28,1,1,8, ,4,6,7
28,1,1,9, ,9,9,9
28,1,1,10, ,9,9,9
28,1,0,11, ,6,5,1
28,1,0,12, ,5,9,1
28,1,0,13, ,4,3,1
28,1,0,14, ,9,9,1
28,1,0,15, ,1,5,3
28,1,0,16, ,4,1,5
28,1,0,17, ,1,4,3
28,1,0,18, ,6,3,3
28,1,0,19, ,3,1,3
28,1,0,20, ,7,8,9
29,0,1,1,7,5,5,6
29,0,1,2,8,5,7,7
29,0,1,3,8,5,6,7
29,0,1,4,8,4,7,6
29,0,1,5,8,5,7,6
29,0,1,6,8,6,7,7
29,0,1,7,8,5,7,7
29,0,1,8,7,6,6,5
29,0,1,9,7,5,6,5
29,0,1,10,8,6,6,6
29,0,0,11,8,5,6,6
29,0,0,12,7,6,6,6
29,0,0,13,7,4,5,6
29,0,0,14,8,5,7,6
29,0,0,15,6,5,5,5
29,0,0,16,7,4,6,6
29,0,0,17,7,5,5,6
29,0,0,18,7,5,6,6
29,0,0,19,8,5,7,6
29,0,0,20,7,6,6,6
30,1,1,1,6,1,6,6
30,1,1,2,6,3,6,1
30,1,1,3,5,5,6,3
30,1,1,4,7,6,6,5
30,1,1,5,8,5,7,6
30,1,1,6,6,4,9,5
30,1,1,7,8,5,6,2
30,1,1,8,8,6,7,3
30,1,1,9,8,7,8,3
30,1,1,10,9,5,7,5
30,1,0,11,5,4,8,4
30,1,0,12,8,5,5,4
30,1,0,13,7,7,8,2
30,1,0,14,6,4,6,1
30,1,0,15,7,3,8,3
30,1,0,16,6,2,7,4
30,1,0,17,6,3,7,6
30,1,0,18,5,6,8,7
30,1,0,19,7,4,7,6
30,1,0,20,7,6,7,7
31,0,1,1,8,8,7,9
31,0,1,2,8,8,8,8
31,0,1,3,8,4,3,8
31,0,1,4,8,6,9,7
31,0,1,5,3,3,2,2
31,0,1,6,8,1,7,1
31,0,1,7,1,1,2,1
31,0,1,8,2,4,4,1
31,0,1,9,3,6,2,8
31,0,1,10,2,1,3,2
31,0,0,11,8,6,7,7
31,0,0,12,8,4,4,8
31,0,0,13,8,8,8,7
31,0,0,14,6,7,6,1
31,0,0,15,9,9,5,8
31,0,0,16,8,7,4,2
31,0,0,17,2,4,9,1
31,0,0,18,7,4,8,8
31,0,0,19,7,6,9,8
31,0,0,20,1,4,4,1
32,0,1,1,6,7,6,7
32,0,1,2,4,1,3,5
32,0,1,3,5,6,5,4
32,0,1,4,7,6,6,6
32,0,1,5,4,3,5,4
32,0,1,6,7,4,6,2
32,0,1,7,3,4,5,9
32,0,1,8,3,2,5,1
32,0,1,9,7,6,7,5
32,0,1,10,6,6,3,3
32,0,0,11,6,2,5,6
32,0,0,12,4,2,3,5
32,0,0,13,6,3,6,8
32,0,0,14,4,5,6,6
32,0,0,15,6,2,3,6
32,0,0,16,5,6,5,6
32,0,0,17,4,4,3,3
32,0,0,18,7,2,6,3
32,0,0,19,5,5,7,6
32,0,0,20,5,3,4,2
33,0,1,1,6,6,5,7
33,0,1,2,8,7,6,7
33,0,1,3,6,7,7,8
33,0,1,4,8,5,4,7
33,0,1,5,7,4,6,8
33,0,1,6,7,8,6,7
33,0,1,7,4,5,6,5
33,0,1,8,6,3,4,4
33,0,1,9,6,3,3,4
33,0,1,10,5,6,3,4
33,0,0,11,3,3,7,5
33,0,0,12,2,3,3,8
33,0,0,13,6,7,4,6
33,0,0,14,7,7,6,4
33,0,0,15,6,3,3,4
33,0,0,16,6,7,4,6
33,0,0,17,6,3,7,8
33,0,0,18,3,5,6,4
33,0,0,19,3,3,3,4
33,0,0,20,2,4,3,4
34,0,1,1,6,3,4,3
34,0,1,2,4,7,3,4
34,0,1,3,4,4,5,4
34,0,1,4,6,5,6,7
34,0,1,5,6,5,4,5
34,0,1,6,6,5,4,6
34,0,1,7,4,6,4,7
34,0,1,8,6,3,7,5
34,0,1,9,5,4,7,7
34,0,1,10,7,7,5,3
34,0,0,11,4,6,7,4
34,0,0,12,3,5,3,3
34,0,0,13,6,6,7,7
34,0,0,14,7,7,7,8
34,0,0,15,4,5,4,4
34,0,0,16,6,6,6,7
34,0,0,17,5,2,7,2
34,0,0,18,6,3,4,5
34,0,0,19,6,2,6,4
34,0,0,20,6,4,4,4
35,0,1,1,3,2,1,3
35,0,1,2,2,3,2,7
35,0,1,3,2,3,3,4
35,0,1,4,7,4,3,5
35,0,1,5,8,7,8,8
35,0,1,6,7,7,7,9
35,0,1,7,4,2,7,6
35,0,1,8,9,8,9,6
35,0,1,9,9,9,8,9
35,0,1,10,4,9,6,9
35,0,0,11,8,4,3,7
35,0,0,12,5,3,4,3
35,0,0,13,7,7,5,2
35,0,0,14,2,9,5,8
35,0,0,15,3,1,1,1
35,0,0,16,7,7,3,5
35,0,0,17,3,4,3,3
35,0,0,18,4,6,8,9
35,0,0,19,1,2,3,2
35,0,0,20,5,6,8,5
36,1,1,1,5,6,6,6
36,1,1,2,5,4,7,6
36,1,1,3,5,6,4,5
36,1,1,4,7,6,7,5
36,1,1,5,6,5,7,6
36,1,1,6,7,5,3,5
36,1,1,7,3,3,6,5
36,1,1,8,4,6,6,5
36,1,1,9,8,4,5,7
36,1,1,10,5,5,5,5
36,1,0,11,4,5,5,6
36,1,0,12,6,5,5,7
36,1,0,13,4,4,5,4
36,1,0,14,5,5,5,4
36,1,0,15,5,5,4,3
36,1,0,16,7,8,5,5
36,1,0,17,5,6,6,5
36,1,0,18,5,6,4,7
36,1,0,19,5,7,5,6
36,1,0,20,5,5,5,4
37,1,1,1,5,5,5,6
37,1,1,2,3,4,6,3
37,1,1,3,7,5,9,3
37,1,1,4,7,5,8,6
37,1,1,5,5,3,9,4
37,1,1,6,7,8,3,2
37,1,1,7,4,8,5,3
37,1,1,8,6,9,7,8
37,1,1,9,4,6,3,2
37,1,1,10,3,6,3,2
37,1,0,11,5,7,2,5
37,1,0,12,4,5,7,3
37,1,0,13,5,6,7,6
37,1,0,14,3,3,3,2
37,1,0,15,3,1,4,3
37,1,0,16,6,5,3,8
37,1,0,17,4,8,2,4
37,1,0,18,5,4,7,6
37,1,0,19,4,4,4,4
37,1,0,20,6,9,4,2
38,1,1,1,6,7,3,8
38,1,1,2,8,7,7,3
38,1,1,3,4,3,5,8
38,1,1,4,9,8,8,9
38,1,1,5,9,8,8,9
38,1,1,6,8,4,3,7
38,1,1,7,1,2,4,2
38,1,1,8,4,3,3,2
38,1,1,9,2,1,5,6
38,1,1,10,1,1,2,2
38,1,0,11,2,1,5,4
38,1,0,12,1,2,2,4
38,1,0,13,7,3,7,7
38,1,0,14,7,3,7,3
38,1,0,15,7,1,3,3
38,1,0,16,7,6,5,9
38,1,0,17,1,2,3,3
38,1,0,18,2,1,2,2
38,1,0,19,3,2,3,4
38,1,0,20,3,2,3,1
39,1,1,1,5,4,7,8
39,1,1,2,3,3,3,2
39,1,1,3,8,6,7,7
39,1,1,4,7,6,7,3
39,1,1,5,7,6,7,3
39,1,1,6,6,5,7,7
39,1,1,7,4,6,7,3
39,1,1,8,7,3,5,3
39,1,1,9,3,2,7,7
39,1,1,10,4,3,3,4
39,1,0,11,5,8,6,3
39,1,0,12,7,4,3,3
39,1,0,13,8,7,7,8
39,1,0,14,4,4,3,2
39,1,0,15,7,6,7,8
39,1,0,16,8,6,7,8
39,1,0,17,6,4,7,7
39,1,0,18,5,4,7,7
39,1,0,19,7,6,8,2
39,1,0,20,8,8,7,8
40,0,1,1,7,8,7,7
40,0,1,2,3,5,8,3
40,0,1,3,5,8,8,7
40,0,1,4,6,7,9,4
40,0,1,5,4,9,8,4
40,0,1,6,4,8,7,2
40,0,1,7,3,5,5,2
40,0,1,8,6,8,8,4
40,0,1,9,3,6,6,4
40,0,1,10,3,6,6,1
40,0,0,11,6,7,5,6
40,0,0,12,4,6,6,4
40,0,0,13,8,8,8,8
40,0,0,14,2,6,6,4
40,0,0,15,6,8,6,6
40,0,0,16,6,8,8,5
40,0,0,17,4,4,4,6
40,0,0,18,5,7,6,5
40,0,0,19,4,7,7,6
40,0,0,20,4,7,5,8
41,1,1,1,6,9,7,7
41,1,1,2,4,7,4,5
41,1,1,3,7,6,7,4
41,1,1,4,8,8,7,4
41,1,1,5,7,6,5,5
41,1,1,6,4,6,6,5
41,1,1,7,3,5,2,4
41,1,1,8,5,4,5,5
41,1,1,9,4,6,4,3
41,1,1,10,4,2,3,3
41,1,0,11,4,5,5,5
41,1,0,12,3,2,3,4
41,1,0,13,9,5,6,5
41,1,0,14,5,5,7,8
41,1,0,15,5,4,4,4
41,1,0,16,5,8,5,9
41,1,0,17,3,5,4,5
41,1,0,18,4,5,6,5
41,1,0,19,5,6,4,4
41,1,0,20,5,8,3,3
43,0,1,1,4,8,3,5
43,0,1,2,9,5,3,7
43,0,1,3,7,5,6,8
43,0,1,4,6,1,3,5
43,0,1,5,3,1,5,5
43,0,1,6,4,6,9,2
43,0,1,7,3,6,4,2
43,0,1,8,1,4,9,2
43,0,1,9,4,8,9,1
43,0,1,10,5,4,4,5
43,0,0,11,5,3,7,3
43,0,0,12,1,9,8,7
43,0,0,13,5,3,5,4
43,0,0,14,6,5,4,7
43,0,0,15,4,8,8,2
43,0,0,16,6,5,7,6
43,0,0,17,6,4,7,4
43,0,0,18,3,5,7,4
43,0,0,19,4,9,4,5
43,0,0,20,3,9,9,2
44,0,1,1,6,1,1,8
44,0,1,2,6,3,2,9
44,0,1,3,5,1,2,6
44,0,1,4,7,2,4,9
44,0,1,5,8,1,1,9
44,0,1,6,6,1,3,7
44,0,1,7,7,2,4,4
44,0,1,8,7,1,1,7
44,0,1,9,7,3,1,8
44,0,1,10,6,1,1,6
44,0,0,11,8,2,1,9
44,0,0,12,7,4,4,5
44,0,0,13,6,3,2,8
44,0,0,14,9,4,2,8
44,0,0,15,6,2,1,9
44,0,0,16,8,3,3,7
44,0,0,17,7,2,2,5
44,0,0,18,9,1,2,7
44,0,0,19,8,1,1,7
44,0,0,20,8,1,2,9
45,1,1,1,7,5,3,4
45,1,1,2,7,3,7,6
45,1,1,3,4,6,6,5
45,1,1,4,6,5,5,4
45,1,1,5,4,5,3,4
45,1,1,6,5,4,6,5
45,1,1,7,7,4,4,4
45,1,1,8,7,5,4,6
45,1,1,9,6,6,5,7
45,1,1,10,7,3,8,5
45,1,0,11,6,5,3,7
45,1,0,12,4,5,2,7
45,1,0,13,5,5,6,5
45,1,0,14,5,4,8,5
45,1,0,15,6,5,5,6
45,1,0,16,6,4,4,4
45,1,0,17,6,6,5,6
45,1,0,18,7,3,2,4
45,1,0,19,5,5,2,6
45,1,0,20,5,4,4,7
46,1,1,1,9,1,6,6
46,1,1,2,9,6,4,5
46,1,1,3,4,7,4,8
46,1,1,4,9,9,5,9
46,1,1,5,7,9,8,7
46,1,1,6,8,9,8,2
46,1,1,7,3,4,5,7
46,1,1,8,2,8,9,7
46,1,1,9,6,5,8,4
46,1,1,10,6,6,2,3
46,1,0,11,4,8,8,2
46,1,0,12,4,3,7,7
46,1,0,13,7,9,7,5
46,1,0,14,8,4,5,9
46,1,0,15,6,7,4,3
46,1,0,16,8,9,6,5
46,1,0,17,4,4,4,1
46,1,0,18,5,6,7,2
46,1,0,19,7,7,4,7
46,1,0,20,1,7,7,2
47,1,1,1,4,6,6,5
47,1,1,2,7,7,5,5
47,1,1,3,6,7,7,6
47,1,1,4,4,7,7,8
47,1,1,5,8,8,7,7
47,1,1,6,3,6,4,4
47,1,1,7,6,5,4,4
47,1,1,8,6,6,6,4
47,1,1,9,6,4,5,3
47,1,1,10,5,6,5,4
47,1,0,11,5,5,7,5
47,1,0,12,3,4,3,8
47,1,0,13,4,6,7,5
47,1,0,14,6,7,7,6
47,1,0,15,4,6,4,2
47,1,0,16,6,7,6,6
47,1,0,17,3,3,4,4
47,1,0,18,3,6,5,4
47,1,0,19,3,3,4,3
47,1,0,20,3,4,4,8
48,0,1,1,7,7,1,7
48,0,1,2,7,4,6,6
48,0,1,3,8,5,7,6
48,0,1,4,5,8,5,6
48,0,1,5,7,6,6,6
48,0,1,6,5,5,7,3
48,0,1,7,7,5,7,4
48,0,1,8,2,6,7,6
48,0,1,9,7,4,5,6
48,0,1,10,7,5,7,7
48,0,0,11,4,8,8,8
48,0,0,12,6,4,6,5
48,0,0,13,3,6,6,8
48,0,0,14,4,7,5,6
48,0,0,15,8,7,6,7
48,0,0,16,2,3,7,6
48,0,0,17,7,6,9,4
48,0,0,18,8,6,8,5
48,0,0,19,7,5,3,8
48,0,0,20,7,4,4,9
49,1,1,1, ,4,1,3
49,1,1,2, ,9,6,1
49,1,1,3, ,4,6,8
49,1,1,4, ,6,8,6
49,1,1,5, ,6,2,5
49,1,1,6, ,8,2,7
49,1,1,7, ,3,5,1
49,1,1,8, ,6,5,9
49,1,1,9, ,7,3,2
49,1,1,10, ,8,8,2
49,1,0,11, ,9,5,3
49,1,0,12, ,2,2,5
49,1,0,13, ,8,6,4
49,1,0,14, ,2,9,5
49,1,0,15, ,2,4,5
49,1,0,16, ,7,8,7
49,1,0,17, ,4,3,9
49,1,0,18, ,9,8,4
49,1,0,19, ,9,3,5
49,1,0,20, ,5,7,2
50,0,1,1,5,8,9,9
50,0,1,2,9,8,9,8
50,0,1,3,6,8,9,5
50,0,1,4,5,9,7,9
50,0,1,5,4,7,9,8
50,0,1,6,3,8,5,5
50,0,1,7,5,3,5,5
50,0,1,8,6,5,5,5
50,0,1,9,6,5,3,6
50,0,1,10,2,3,7,4
50,0,0,11,6,2,3,4
50,0,0,12,2,2,1,8
50,0,0,13,9,5,8,3
50,0,0,14,6,6,8,7
50,0,0,15,6,2,3,2
50,0,0,16,9,3,9,8
50,0,0,17,4,2,4,3
50,0,0,18,5,5,5,5
50,0,0,19,7,5,5,8
50,0,0,20,3,1,3,2
51,0,1,1,6,6,7,3
51,0,1,2,7,6,7,6
51,0,1,3,7,5,6,6
51,0,1,4,8,7,7,6
51,0,1,5,7,6,7,6
51,0,1,6,3,4,4,4
51,0,1,7,3,3,3,7
51,0,1,8,3,3,4,4
51,0,1,9,3,3,3,7
51,0,1,10,3,3,4,7
51,0,0,11,6,5,5,4
51,0,0,12,3,3,3,6
51,0,0,13,7,7,8,6
51,0,0,14,4,4,7,7
51,0,0,15,6,3,4,3
51,0,0,16,8,7,7,4
51,0,0,17,6,4,6,4
51,0,0,18,4,4,4,3
51,0,0,19,5,7,7,4
51,0,0,20,7,5,4,6
52,1,1,1,4,7,4,5
52,1,1,2,7,6,7,4
52,1,1,3,7,6,3,5
52,1,1,4,9,7,5,8
52,1,1,5,7,8,7,7
52,1,1,6,6,9,5,4
52,1,1,7,4,6,5,6
52,1,1,8,8,9,8,7
52,1,1,9,7,7,7,8
52,1,1,10,4,6,7,7
52,1,0,11,7,8,8,4
52,1,0,12,6,4,7,5
52,1,0,13,5,6,6,5
52,1,0,14,6,8,7,8
52,1,0,15,5,5,3,3
52,1,0,16,7,7,8,6
52,1,0,17,4,4,6,4
52,1,0,18,5,7,6,7
52,1,0,19,3,4,3,3
52,1,0,20,5,8,7,3
53,1,1,1,4,7,6,4
53,1,1,2,3,6,6,6
53,1,1,3,5,6,6,7
53,1,1,4,6,4,6,5
53,1,1,5,6,6,6,6
53,1,1,6,4,5,5,4
53,1,1,7,4,4,4,6
53,1,1,8,4,4,5,4
53,1,1,9,6,3,4,5
53,1,1,10,5,6,4,6
53,1,0,11,4,4,6,6
53,1,0,12,4,6,3,7
53,1,0,13,7,5,6,5
53,1,0,14,7,6,5,6
53,1,0,15,3,3,5,4
53,1,0,16,6,6,7,6
53,1,0,17,3,3,3,4
53,1,0,18,5,4,3,4
53,1,0,19,6,5,4,4
53,1,0,20,4,6,5,5
54,0,1,1,4,3,6,5
54,0,1,2,7,7,8,7
54,0,1,3,7,6,7,7
54,0,1,4,7,6,5,7
54,0,1,5,7,7,8,6
54,0,1,6,5,5,3,4
54,0,1,7,5,4,5,6
54,0,1,8,4,4,4,3
54,0,1,9,6,5,6,4
54,0,1,10,3,4,7,4
54,0,0,11,6,4,7,5
54,0,0,12,3,3,3,3
54,0,0,13,6,7,6,8
54,0,0,14,7,7,5,5
54,0,0,15,2,4,2,2
54,0,0,16,6,7,5,5
54,0,0,17,5,5,6,4
54,0,0,18,3,3,3,3
54,0,0,19,4,3,3,2
54,0,0,20,4,3,5,3
55,0,1,1,5,2,7,5
55,0,1,2,4,3,4,8
55,0,1,3,4,6,6,1
55,0,1,4,3,7,2,3
55,0,1,5,4,6,3,2
55,0,1,6,6,6,4,7
55,0,1,7,7,3,6,6
55,0,1,8,3,7,3,3
55,0,1,9,8,4,4,6
55,0,1,10,5,4,3,6
55,0,0,11,6,2,3,6
55,0,0,12,4,2,7,7
55,0,0,13,7,6,4,5
55,0,0,14,5,4,6,4
55,0,0,15,6,1,3,4
55,0,0,16,6,6,3,7
55,0,0,17,8,4,5,3
55,0,0,18,6,3,4,4
55,0,0,19,6,4,4,3
55,0,0,20,4,3,4,2
56,1,1,1,1,8,5,8
56,1,1,2,7,9,7,5
56,1,1,3,8,8,9,2
56,1,1,4,5,6,8,6
56,1,1,5,8,7,5,4
56,1,1,6,8,7,5,2
56,1,1,7,2,9,7,2
56,1,1,8,8,8,5,8
56,1,1,9,3,4,4,5
56,1,1,10,7,5,5,2
56,1,0,11,8,8,8,2
56,1,0,12,2,3,4,6
56,1,0,13,9,8,8,7
56,1,0,14,5,3,8,2
56,1,0,15,5,8,8,2
56,1,0,16,8,8,8,3
56,1,0,17,8,7,8,7
56,1,0,18,8,9,6,6
56,1,0,19,6,8,9,4
56,1,0,20,2,2,8,2
57,0,1,1,5,8,7,7
57,0,1,2,8,7,8,8
57,0,1,3,4,8,8,8
57,0,1,4,7,8,8,8
57,0,1,5,8,8,8,7
57,0,1,6,3,7,8,7
57,0,1,7,6,7,4,7
57,0,1,8,3,4,3,3
57,0,1,9,6,6,2,2
57,0,1,10,6,8,3,5
57,0,0,11,3,8,6,3
57,0,0,12,2,2,2,8
57,0,0,13,7,8,9,8
57,0,0,14,8,7,8,6
57,0,0,15,6,7,7,3
57,0,0,16,7,7,8,7
57,0,0,17,6,7,3,4
57,0,0,18,6,3,3,3
57,0,0,19,7,6,8,6
57,0,0,20,6,4,5,7
58,1,1,1,4,5,6,5
58,1,1,2,6,7,5,7
58,1,1,3,6,7,8,8
58,1,1,4,7,8,4,6
58,1,1,5,3,8,5,7
58,1,1,6,6,7,5,7
58,1,1,7,4,4,5,4
58,1,1,8,4,4,4,3
58,1,1,9,5,6,5,4
58,1,1,10,6,4,3,5
58,1,0,11,6,5,5,6
58,1,0,12,3,2,3,7
58,1,0,13,6,7,7,3
58,1,0,14,5,4,7,6
58,1,0,15,3,5,3,7
58,1,0,16,7,8,6,7
58,1,0,17,5,6,6,6
58,1,0,18,7,5,5,6
58,1,0,19,6,8,4,5
58,1,0,20,6,3,7,5
60,0,1,1,7,7,8,6
60,0,1,2,8,7,8,8
60,0,1,3,3,7,7,3
60,0,1,4,7,8,8,6
60,0,1,5,8,7,4,8
60,0,1,6,8,5,5,8
60,0,1,7,2,2,3,2
60,0,1,8,1,3,2,2
60,0,1,9,8,9,2,8
60,0,1,10,6,3,4,2
60,0,0,11,8,4,5,8
60,0,0,12,1,1,1,7
60,0,0,13,8,7,8,4
60,0,0,14,7,7,7,8
60,0,0,15,3,7,5,3
60,0,0,16,7,7,8,8
60,0,0,17,3,3,5,7
60,0,0,18,4,7,7,2
60,0,0,19,5,7,7,8
60,0,0,20,4,3,3,3
61,1,1,1,6,8,7,7
61,1,1,2,7,3,6,4
61,1,1,3,5,6,6,3
61,1,1,4,8,4,2,3
61,1,1,5,4,3,7,5
61,1,1,6,7,7,4,8
61,1,1,7,4,5,3,8
61,1,1,8,6,3,3,3
61,1,1,9,3,2,2,8
61,1,1,10,5,3,3,2
61,1,0,11,4,2,5,5
61,1,0,12,7,4,4,7
61,1,0,13,5,3,6,8
61,1,0,14,7,3,7,3
61,1,0,15,8,1,5,8
61,1,0,16,5,4,1,3
61,1,0,17,7,2,2,5
61,1,0,18,3,7,5,6
61,1,0,19,2,7,3,7
61,1,0,20,8,6,2,9
62,1,1,1,7,4,7,5
62,1,1,2,7,2,5,6
62,1,1,3,6,4,7,6
62,1,1,4,7,6,5,3
62,1,1,5,7,3,6,6
62,1,1,6,5,6,7,6
62,1,1,7,4,5,6,4
62,1,1,8,5,5,7,5
62,1,1,9,4,6,4,3
62,1,1,10,4,7,6,5
62,1,0,11,6,6,6,5
62,1,0,12,4,4,6,5
62,1,0,13,6,5,6,5
62,1,0,14,4,7,6,5
62,1,0,15,6,2,7,5
62,1,0,16,6,5,7,6
62,1,0,17,4,6,7,5
62,1,0,18,5,4,6,2
62,1,0,19,6,3,6,4
62,1,0,20,4,4,7,5
63,0,1,1,8,3,5,7
63,0,1,2,7,3,8,2
63,0,1,3,5,3,3,2
63,0,1,4,7,5,4,7
63,0,1,5,8,3,7,6
63,0,1,6,7,5,7,5
63,0,1,7,5,8,6,5
63,0,1,8,3,4,3,4
63,0,1,9,8,6,3,4
63,0,1,10,5,8,3,1
63,0,0,11,4,6,8,6
63,0,0,12,7,1,8,2
63,0,0,13,7,6,8,6
63,0,0,14,8,3,8,5
63,0,0,15,4,7,2,6
63,0,0,16,7,8,8,8
63,0,0,17,6,4,7,1
63,0,0,18,5,7,4,2
63,0,0,19,8,3,5,4
63,0,0,20,6,6,7,3
64,1,1,1,3,3,2,3
64,1,1,2,3,3,3,4
64,1,1,3,4,3,4,4
64,1,1,4,3,4,4,5
64,1,1,5,8,8,8,8
64,1,1,6,5,6,3,6
64,1,1,7,5,8,8,7
64,1,1,8,5,7,5,6
64,1,1,9,9,7,9,9
64,1,1,10,6,8,8,9
64,1,0,11,5,7,7,5
64,1,0,12,3,3,2,4
64,1,0,13,3,3,3,3
64,1,0,14,4,6,7,6
64,1,0,15,3,2,2,4
64,1,0,16,6,4,4,7
64,1,0,17,4,3,4,4
64,1,0,18,5,2,2,5
64,1,0,19,2,2,1,2
64,1,0,20,3,3,3,3
65,1,1,1,6,4,6,5
65,1,1,2,3,3,6,3
65,1,1,3,6,6,4,4
65,1,1,4,7,4,6,6
65,1,1,5,4,4,3,3
65,1,1,6,3,4,4,3
65,1,1,7,2,7,3,2
65,1,1,8,3,6,7,7
65,1,1,9,5,3,3,7
65,1,1,10,3,7,6,9
65,1,0,11,7,7,6,7
65,1,0,12,3,7,3,3
65,1,0,13,8,5,7,6
65,1,0,14,9,6,3,6
65,1,0,15,3,3,2,2
65,1,0,16,7,6,6,4
65,1,0,17,7,4,3,9
65,1,0,18,4,4,3,5
65,1,0,19,8,7,3,4
65,1,0,20,7,7,4,7
66,0,1,1,4,4,6,5
66,0,1,2,7,5,8,4
66,0,1,3,2,6,7,6
66,0,1,4,5,6,6,3
66,0,1,5,6,6,7,6
66,0,1,6,6,6,7,6
66,0,1,7,4,8,8,7
66,0,1,8,6,7,5,6
66,0,1,9,5,5,5,5
66,0,1,10,3,6,4,6
66,0,0,11,5,7,5,5
66,0,0,12,6,6,7,5
66,0,0,13,6,7,6,3
66,0,0,14,6,7,7,3
66,0,0,15,4,4,4,2
66,0,0,16,7,7,3,3
66,0,0,17,3,5,3,3
66,0,0,18,3,7,5,5
66,0,0,19,3,5,3,2
66,0,0,20,4,6,4,2
67,0,1,1,4,6,3,6
67,0,1,2,4,6,4,5
67,0,1,3,5,6,5,7
67,0,1,4,4,6,4,7
67,0,1,5,4,4,4,8
67,0,1,6,4,4,3,7
67,0,1,7,4,6,3,8
67,0,1,8,6,7,4,7
67,0,1,9,6,7,5,6
67,0,1,10,6,4,5,8
67,0,0,11,5,3,4,6
67,0,0,12,5,4,4,6
67,0,0,13,6,3,5,5
67,0,0,14,6,6,3,6
67,0,0,15,6,4,3,6
67,0,0,16,4,6,5,8
67,0,0,17,4,4,4,7
67,0,0,18,6,4,3,5
67,0,0,19,5,5,3,6
67,0,0,20,5,7,5,8
68,1,1,1,8,6,7,5
68,1,1,2,8,7,7,5
68,1,1,3,5,7,7,5
68,1,1,4,5,7,7,5
68,1,1,5,5,6,7,5
68,1,1,6,8,7,7,5
68,1,1,7,3,5,5,5
68,1,1,8,8,5,7,5
68,1,1,9,5,5,7,5
68,1,1,10,5,5,7,5
68,1,0,11,5,6,5,5
68,1,0,12,5,5,4,5
68,1,0,13,5,7,7,5
68,1,0,14,5,5,6,5
68,1,0,15,8,5,7,5
68,1,0,16,8,7,7,5
68,1,0,17,5,6,5,5
68,1,0,18,5,5,7,5
68,1,0,19,5,5,7,5
68,1,0,20,3,5,7,2
69,1,1,1,8,4,8,5
69,1,1,2,7,2,8,8
69,1,1,3,8,8,7,8
69,1,1,4,8,8,8,8
69,1,1,5,8,8,4,8
69,1,1,6,7,5,7,4
69,1,1,7,2,4,5,3
69,1,1,8,3,4,5,3
69,1,1,9,3,4,6,6
69,1,1,10,2,3,2,3
69,1,0,11,4,6,2,4
69,1,0,12,2,2,2,7
69,1,0,13,6,8,4,5
69,1,0,14,5,6,6,6
69,1,0,15,2,2,1,2
69,1,0,16,8,7,7,8
69,1,0,17,2,2,2,2
69,1,0,18,5,6,7,4
69,1,0,19,2,2,4,8
69,1,0,20,3,7,2,6
70,0,1,1,5,3,6,4
70,0,1,2,6,4,7,4
70,0,1,3,5,4,6,4
70,0,1,4,6,3,6,4
70,0,1,5,7,3,5,4
70,0,1,6,7,4,7,4
70,0,1,7,7,4,7,6
70,0,1,8,5,5,7,7
70,0,1,9,5,4,6,6
70,0,1,10,5,4,7,7
70,0,0,11,5,4,6,6
70,0,0,12,6,4,6,4
70,0,0,13,5,4,6,6
70,0,0,14,5,4,7,4
70,0,0,15,5,5,7,3
70,0,0,16,5,3,5,6
70,0,0,17,6,3,6,4
70,0,0,18,5,4,6,6
70,0,0,19,5,4,7,6
70,0,0,20,5,4,7,6
71,0,1,1,8,5,5,5
71,0,1,2,2,5,4,8
71,0,1,3,7,5,7,8
71,0,1,4,7,5,6,5
71,0,1,5,6,3,5,5
71,0,1,6,7,5,3,5
71,0,1,7,7,5,3,5
71,0,1,8,3,5,5,7
71,0,1,9,7,7,7,3
71,0,1,10,8,5,5,3
71,0,0,11,7,5,3,5
71,0,0,12,6,7,5,7
71,0,0,13,7,3,3,7
71,0,0,14,3,7,7,3
71,0,0,15,3,3,3,7
71,0,0,16,3,3,3,5
71,0,0,17,3,2,6,7
71,0,0,18,7,5,5,5
71,0,0,19,1,3,5,3
71,0,0,20,7,3,7,3
72,0,1,1,5,4,3,6
72,0,1,2,8,3,7,5
72,0,1,3,8,4,4,7
72,0,1,4,8,5,2,4
72,0,1,5,4,4,8,7
72,0,1,6,5,7,6,4
72,0,1,7,8,3,8,8
72,0,1,8,4,6,6,7
72,0,1,9,5,6,6,7
72,0,1,10,4,8,8,4
72,0,0,11,7,7,6,7
72,0,0,12,3,1,3,4
72,0,0,13,6,3,3,6
72,0,0,14,7,7,5,7
72,0,0,15,7,5,3,3
72,0,0,16,6,4,7,5
72,0,0,17,6,3,4,2
72,0,0,18,8,6,3,5
72,0,0,19,7,2,1,2
72,0,0,20,7,4,5,8
73,0,1,1,7,4,7,2
73,0,1,2,6,5,6,4
73,0,1,3,3,6,3,5
73,0,1,4,4,5,4,8
73,0,1,5,4,8,6,5
73,0,1,6,5,5,4,7
73,0,1,7,5,7,3,3
73,0,1,8,4,7,5,4
73,0,1,9,6,6,7,4
73,0,1,10,4,6,5,7
73,0,0,11,7,3,3,4
73,0,0,12,7,5,4,4
73,0,0,13,4,7,3,5
73,0,0,14,7,6,7,4
73,0,0,15,5,6,7,4
73,0,0,16,3,4,6,3
73,0,0,17,3,6,4,4
73,0,0,18,7,6,7,5
73,0,0,19,3,6,4,4
73,0,0,20,3,6,7,4
74,0,1,1,7,5,5,6
74,0,1,2,8,5,5,5
74,0,1,3,8,5,7,5
74,0,1,4,7,5,5,6
74,0,1,5,7,5,8,4
74,0,1,6,7,5,8,5
74,0,1,7,6,5,6,6
74,0,1,8,6,5,5,3
74,0,1,9,7,5,5,4
74,0,1,10,7,5,6,5
74,0,0,11,5,5,5,3
74,0,0,12,7,5,6,6
74,0,0,13,8,5,7,7
74,0,0,14,8,5,6,5
74,0,0,15,6,5,8,2
74,0,0,16,6,5,7,7
74,0,0,17,8,5,6,6
74,0,0,18,8,5,9,7
74,0,0,19,6,5,8,5
74,0,0,20,6,5,7,7
75,0,1,1,6,3,7,7
75,0,1,2,5,3,6,7
75,0,1,3,4,2,6,4
75,0,1,4,4,4,7,7
75,0,1,5,6,3,7,7
75,0,1,6,3,2,7,6
75,0,1,7,4,2,6,5
75,0,1,8,4,3,4,3
75,0,1,9,5,3,7,8
75,0,1,10,7,3,5,5
75,0,0,11,4,3,7,5
75,0,0,12,4,4,3,7
75,0,0,13,5,3,7,5
75,0,0,14,3,2,6,7
75,0,0,15,7,3,6,7
75,0,0,16,6,2,7,7
75,0,0,17,3,4,4,6
75,0,0,18,4,4,5,7
75,0,0,19,4,3,5,6
75,0,0,20,3,3,5,4
76,1,1,1,5,5,5,6
76,1,1,2,6,4,6,5
76,1,1,3,5,4,3,5
76,1,1,4,5,5,5,5
76,1,1,5,5,4,5,5
76,1,1,6,4,6,5,4
76,1,1,7,5,5,5,6
76,1,1,8,4,6,3,5
76,1,1,9,4,5,5,4
76,1,1,10,6,5,4,5
76,1,0,11,5,6,5,5
76,1,0,12,5,5,4,5
76,1,0,13,5,5,5,6
76,1,0,14,5,6,5,5
76,1,0,15,4,4,5,5
76,1,0,16,5,5,5,5
76,1,0,17,5,4,4,5
76,1,0,18,4,5,5,6
76,1,0,19,6,4,6,5
76,1,0,20,5,6,4,5
77,0,1,1,4,6,6,5
77,0,1,2,5,5,5,5
77,0,1,3,5,6,5,6
77,0,1,4,5,5,4,6
77,0,1,5,5,5,5,6
77,0,1,6,5,5,5,5
77,0,1,7,5,5,5,4
77,0,1,8,5,3,6,3
77,0,1,9,5,4,5,5
77,0,1,10,5,5,5,5
77,0,0,11,4,5,3,5
77,0,0,12,5, ,6,5
77,0,0,13,4,5,5,5
77,0,0,14,5,5,6,6
77,0,0,15,5,4,4,6
77,0,0,16,5,6,4,6
77,0,0,17,4,5,5,6
77,0,0,18,5,5,5,5
77,0,0,19,5,4,5,5
77,0,0,20,4,6,5,5
78,1,1,1,9,5,8,5
78,1,1,2,5,5,5,5
78,1,1,3,9,7,6,4
78,1,1,4,8,5,7,5
78,1,1,5,6,5,5,5
78,1,1,6,5,5,5,5
78,1,1,7,6,5,5,4
78,1,1,8,9,5,5,5
78,1,1,9,4,5,5,4
78,1,1,10,2,5,4,5
78,1,0,11,3,5,5,5
78,1,0,12,9,5,6,2
78,1,0,13,9,5,7,5
78,1,0,14,7,4,6,5
78,1,0,15,3,5,3,5
78,1,0,16,8,5,8,7
78,1,0,17,5,7,4,5
78,1,0,18,8,5,6,5
78,1,0,19,6,5,6,7
78,1,0,20,2,5,3,4
79,0,1,1,7,4,5,4
79,0,1,2,7,7,5,4
79,0,1,3,7,9,7,8
79,0,1,4,7,6,7,7
79,0,1,5,7,4,2,4
79,0,1,6,7,8,5,3
79,0,1,7,7,4,7,5
79,0,1,8,7,4,5,9
79,0,1,9,7,2,7,7
79,0,1,10,7,5,5,4
79,0,0,11,7,5,5,3
79,0,0,12,7,1,7,6
79,0,0,13,7,5,2,5
79,0,0,14,7,5,5,2
79,0,0,15,7,5,5,3
79,0,0,16,7,7,5,7
79,0,0,17,7,3,3,7
79,0,0,18,7,5,6,3
79,0,0,19,7,5,3,6
79,0,0,20,7,6,8,5
80,1,1,1, ,3,7,5
80,1,1,2, ,1,9,9
80,1,1,3, ,2,9,7
80,1,1,4, ,7,7,4
80,1,1,5, ,3,9,7
80,1,1,6, ,2,7,4
80,1,1,7, ,2,8,8
80,1,1,8, ,2,7,7
80,1,1,9, ,4,4,8
80,1,1,10, ,3,2,9
80,1,0,11, ,6,4,3
80,1,0,12, ,2,3,7
80,1,0,13, ,4,9,4
80,1,0,14, ,3,5,6
80,1,0,15, ,4,4,9
80,1,0,16, ,9,9,3
80,1,0,17, ,6,9,5
80,1,0,18, ,5,6,4
80,1,0,19, ,1,8,8
80,1,0,20, ,4,5,2
81,1,1,1,8,3,4,5
81,1,1,2,6,7,3,4
81,1,1,3,8,4,5,4
81,1,1,4,8,6,7,7
81,1,1,5,8,6,7,7
81,1,1,6,7,4,6,6
81,1,1,7,4,6,4,3
81,1,1,8,8,7,8,5
81,1,1,9,8,6,7,7
81,1,1,10,7,7,4,7
81,1,0,11,7,5,7,4
81,1,0,12,8,7,4,9
81,1,0,13,7,6,7,7
81,1,0,14,8,7,7,4
81,1,0,15,7,6,4,4
81,1,0,16,8,4,7,5
81,1,0,17,8,5,6,4
81,1,0,18,7,6,4,5
81,1,0,19,7,6,5,6
81,1,0,20,8,5,7,6
82,1,1,1,6,7,6,5
82,1,1,2,6,4,6,6
82,1,1,3,7,5,4,4
82,1,1,4,6,6,6,3
82,1,1,5,6,6,7,6
82,1,1,6,8,7,7,5
82,1,1,7,3,4,5,4
82,1,1,8,7,7,8,6
82,1,1,9,7,4,6,4
82,1,1,10,6,5,5,4
82,1,0,11,5,5,4,3
82,1,0,12,5,4,4,3
82,1,0,13,4,6,4,2
82,1,0,14,7,6,5,5
82,1,0,15,4,3,3,3
82,1,0,16,7,6,7,6
82,1,0,17,5,5,4,5
82,1,0,18,6,5,6,4
82,1,0,19,3,3,3,4
82,1,0,20,7,5,4,3
83,1,1,1,4,7,4,7
83,1,1,2,3,3,3,7
83,1,1,3,8,2,7,7
83,1,1,4,7,3,2,7
83,1,1,5,8,3,6,7
83,1,1,6,8,3,4,8
83,1,1,7,8,4,2,7
83,1,1,8,7,7,3,7
83,1,1,9,4,2,3,7
83,1,1,10,6,2,2,8
83,1,0,11,6,5,3,7
83,1,0,12,7,2,7,7
83,1,0,13,3,3,3,7
83,1,0,14,4,3,3,7
83,1,0,15,4,3,3,4
83,1,0,16,7,6,2,5
83,1,0,17,7,6,3,7
83,1,0,18,7,3,2,7
83,1,0,19,6,4,3,5
83,1,0,20,7,2,3,7
85,1,1,1,8,9,7,5
85,1,1,2,7,2,1,2
85,1,1,3,6,4,3,4
85,1,1,4,8,5,7,8
85,1,1,5,6,9,9,8
85,1,1,6,5,4,9,9
85,1,1,7,7,6,6,7
85,1,1,8,5,6,5,4
85,1,1,9,7,9,9,9
85,1,1,10,9,8,7,9
85,1,0,11,5,6,2,3
85,1,0,12,2,9,9,2
85,1,0,13,4,3,4,1
85,1,0,14,7,4,6,5
85,1,0,15,1,1,3,1
85,1,0,16,4,9,3,5
85,1,0,17,2,2,1,5
85,1,0,18,8,8,8,7
85,1,0,19,2,7,3,7
85,1,0,20,8,7,3,8
86,1,1,1,6,7,6,6
86,1,1,2,5,7,5,5
86,1,1,3,6,6,6,6
86,1,1,4,4,5,7,3
86,1,1,5,7,4,6,5
86,1,1,6,7,4,3,6
86,1,1,7,3,4,7,6
86,1,1,8,8,5,8,5
86,1,1,9,3,3,7,8
86,1,1,10,6,4,8,8
86,1,0,11,4,7,4,8
86,1,0,12,4,4,7,7
86,1,0,13,3,6,6,7
86,1,0,14,6,6,4,6
86,1,0,15,2,6,6,4
86,1,0,16,4,6,7,5
86,1,0,17,7,5,6,7
86,1,0,18,4,5,5,7
86,1,0,19,6,7,4,7
86,1,0,20,5,7,7,4
87,1,1,1,4,7,9,6
87,1,1,2,9,6,5,9
87,1,1,3,9,9,7,5
87,1,1,4,9,9,9,7
87,1,1,5,5,5,7,4
87,1,1,6,7,7,9,5
87,1,1,7,3,4,4,4
87,1,1,8,4,5,4,5
87,1,1,9,3,3,6,3
87,1,1,10,6,4,3,3
87,1,0,11,6,6,6,4
87,1,0,12,1,4,6,6
87,1,0,13,9,9,9,7
87,1,0,14,6,9,6,6
87,1,0,15,3,7,9,6
87,1,0,16,8,9,9,4
87,1,0,17,7,7,9,9
87,1,0,18,7,7,8,8
87,1,0,19,4,9,3,9
87,1,0,20,6,5,9,3
88,1,1,1,7,9,8,8
88,1,1,2,7,9,8,7
88,1,1,3,9,8,7,3
88,1,1,4,6,7,3,5
88,1,1,5,4,6,6,2
88,1,1,6,5,8,5,4
88,1,1,7,4,7,1,1
88,1,1,8,5,7,2,3
88,1,1,9,5,8,6,6
88,1,1,10,2,6,4,6
88,1,0,11,4,7,6,6
88,1,0,12,3,6,3,8
88,1,0,13,6,7,8,7
88,1,0,14,2,7,3,3
88,1,0,15,7,6,5,6
88,1,0,16,5,8,6,9
88,1,0,17,5,7,4,7
88,1,0,18,8,9,8,7
88,1,0,19,5,6,4,6
88,1,0,20,6,8,6,9
89,1,1,1,5,6,4,7
89,1,1,2,6,7,6,4
89,1,1,3,6,8,8,8
89,1,1,4,7,7,6,8
89,1,1,5,8,7,8,6
89,1,1,6,7,7,6,8
89,1,1,7,6,5,8,1
89,1,1,8,8,7,8,3
89,1,1,9,7,9,7,6
89,1,1,10,7,6,7,8
89,1,0,11,6,8,7,7
89,1,0,12,4,8,6,5
89,1,0,13,7,5,4,2
89,1,0,14,6,8,7,8
89,1,0,15,4,1,1,5
89,1,0,16,6,8,6,8
89,1,0,17,6,6,8,9
89,1,0,18,9,7,8,3
89,1,0,19,6,6,5,2
89,1,0,20,6,8,8,9
90,1,1,1,6,6,7,2
90,1,1,2,4,8,6,7
90,1,1,3,4,7,6,7
90,1,1,4,5,5,8,3
90,1,1,5,6,6,2,7
90,1,1,6,5,5,7,5
90,1,1,7,7,4,4,7
90,1,1,8,5,4,5,5
90,1,1,9,5,5,7,7
90,1,1,10,5,4,3,5
90,1,0,11,6,5,5,3
90,1,0,12,5,6,4,5
90,1,0,13,6,5,9,5
90,1,0,14,5,3,3,3
90,1,0,15,6,7,6,5
90,1,0,16,5,8,8,6
90,1,0,17,5,4,6,5
90,1,0,18,6,5,7,6
90,1,0,19,6,5,6,5
90,1,0,20,7,7,1,5
91,1,1,1,8,7,8,7
91,1,1,2,8,9,7,9
91,1,1,3,9,8,5,9
91,1,1,4,9,2,7,7
91,1,1,5,9,9,9,9
91,1,1,6,9,9,8,5
91,1,1,7,7,8,7,6
91,1,1,8,5,3,3,7
91,1,1,9,6,6,3,2
91,1,1,10,7,3,4,4
91,1,0,11,5,3,3,8
91,1,0,12,2,2,1,9
91,1,0,13,9,6,8,7
91,1,0,14,8,8,9,3
91,1,0,15,3,3,3,5
91,1,0,16,7,3,1,7
91,1,0,17,4,4,6,5
91,1,0,18,4,1,7,4
91,1,0,19,3,5,2,7
91,1,0,20,3,2,3,6
92,1,1,1,5,6,3,4
92,1,1,2,9,9,9,9
92,1,1,3,9,9,7,4
92,1,1,4,9,6,9,6
92,1,1,5,9,8,8,7
92,1,1,6,6,6,5,3
92,1,1,7,6,4,2,3
92,1,1,8,4,3,9,2
92,1,1,9,1,9,3,6
92,1,1,10,6,6,2,2
92,1,0,11,6,9,6,6
92,1,0,12,1,1,8,7
92,1,0,13,9,5,8,8
92,1,0,14,2,4,9,5
92,1,0,15,3,3,2,5
92,1,0,16,4,6,4,7
92,1,0,17,4,9,7,5
92,1,0,18,3,9,3,4
92,1,0,19,1,2,2,2
92,1,0,20,2,2,2,3
93,0,1,1,5,5,4,7
93,0,1,2,4,3,4,6
93,0,1,3,5,7,6,7
93,0,1,4,5,5,6,7
93,0,1,5,5,7,3,7
93,0,1,6,9,4,8,8
93,0,1,7,3,5,2,2
93,0,1,8,6,6,4,7
93,0,1,9,3,5,5,3
93,0,1,10,5,4,6,3
93,0,0,11,4,5,5,4
93,0,0,12,2,1,3,4
93,0,0,13,4,3,5,7
93,0,0,14,5,5,3,6
93,0,0,15,6,2,3,5
93,0,0,16,7,4,7,7
93,0,0,17,5,4,4,3
93,0,0,18,6,4,6,4
93,0,0,19,5,2,2,2
93,0,0,20,5,3,5,5
94,1,1,1,7,4,8,5
94,1,1,2,5,5,4,9
94,1,1,3,8,4,5,5
94,1,1,4,8,8,5,5
94,1,1,5,8,8,4,6
94,1,1,6,5,6,4,6
94,1,1,7,6,4,3,6
94,1,1,8,6,5,5,7
94,1,1,9,4,5,4,5
94,1,1,10,8,4,4,7
94,1,0,11,6,7,4,3
94,1,0,12,3,5,3,8
94,1,0,13,6,5,5,8
94,1,0,14,7,6,4,6
94,1,0,15,5,6,4,5
94,1,0,16,6,4,4,7
94,1,0,17,5,5,4,6
94,1,0,18,7,4,4,3
94,1,0,19,7,5,5,3
94,1,0,20,4,7,4,7
96,0,1,1,8,9,9,8
96,0,1,2,6,7,8,7
96,0,1,3,6,8,4,4
96,0,1,4,7,8,6,6
96,0,1,5,7,9,3,8
96,0,1,6,6,9,5,7
96,0,1,7,1,4,1,3
96,0,1,8,3,7,3,3
96,0,1,9,7,7,7,4
96,0,1,10,3,8,4,5
96,0,0,11,3,7,2,1
96,0,0,12,1,3,4,3
96,0,0,13,3,9,6,6
96,0,0,14,5,8,5,4
96,0,0,15,3,6,3,3
96,0,0,16,8,9,8,7
96,0,0,17,2,4,3,3
96,0,0,18,7,9,5,4
96,0,0,19,2,8,3,7
96,0,0,20,3,8,4,2
97,0,1,1,8,4,2,7
97,0,1,2,8,2,3,7
97,0,1,3,7,3,2,6
97,0,1,4,7,2,2,6
97,0,1,5,8,2,3,6
97,0,1,6,8,5,4,8
97,0,1,7,9,2,3,6
97,0,1,8,8,5,2,7
97,0,1,9,7,4,2,7
97,0,1,10,7,2,4,9
97,0,0,11,7,2,2,7
97,0,0,12,8,4,3,6
97,0,0,13,8,1,6,7
97,0,0,14,9,2,3,7
97,0,0,15,8,3,3,7
97,0,0,16,8,3,1,5
97,0,0,17,8,2,4,7
97,0,0,18,8,3,3,8
97,0,0,19,6,2,3,6
97,0,0,20,8,3,4,8
98,1,1,1,7,7,3,5
98,1,1,2,8,4,4,4
98,1,1,3,7,7,5,2
98,1,1,4,8,7,7,6
98,1,1,5,7,8,8,7
98,1,1,6,6,8,4,6
98,1,1,7,7,7,7,7
98,1,1,8,6,6,6,2
98,1,1,9,4,5,3,3
98,1,1,10,3,4,2,3
98,1,0,11,7,7,6,6
98,1,0,12,3,7,4,4
98,1,0,13,9,7,8,8
98,1,0,14,7,8,3,8
98,1,0,15,8,7,4,3
98,1,0,16,8,7,8,7
98,1,0,17,9,8,8,7
98,1,0,18,6,5,4,2
98,1,0,19,5,5,3,3
98,1,0,20,5,7,6,4
99,1,1,1,6,8,6,4
99,1,1,2,2,5,3,3
99,1,1,3,4,4,7,6
99,1,1,4,8,8,8,7
99,1,1,5,8,9,7,7
99,1,1,6,8,7,8,7
99,1,1,7,7,9,8,6
99,1,1,8,7,8,7,7
99,1,1,9,8,9,9,6
99,1,1,10,9,9,5,7
99,1,0,11,4,7,5,5
99,1,0,12,4,9,3,3
99,1,0,13,6,8,4,5
99,1,0,14,7,3,9,6
99,1,0,15,3,4,3,1
99,1,0,16,6,4,8,3
99,1,0,17,6,4,4,6
99,1,0,18,4,5,4,3
99,1,0,19,6,6,5,2
99,1,0,20,7,9,9,5
100,0,1,1,6,6,5,6
100,0,1,2,7,7,5,6
100,0,1,3,6,5,5,6
100,0,1,4,6,6,5,6
100,0,1,5,5,6,5,5
100,0,1,6,6,7,5,6
100,0,1,7,6,5,7,3
100,0,1,8,5,6,4,4
100,0,1,9,5,5,6,5
100,0,1,10,3,5,3,4
100,0,0,11,4,7,7,6
100,0,0,12,3,4,2,6
100,0,0,13,8,7,4,5
100,0,0,14,5,8,6,5
100,0,0,15,4,7,6,7
100,0,0,16,7,8,5,5
100,0,0,17,5,5,4,3
100,0,0,18,5,6,6,5
100,0,0,19,6,6,4,7
100,0,0,20,3,6,4,4
101,0,1,1,5,4,4,5
101,0,1,2,5,7,5,6
101,0,1,3,5,6,4,6
101,0,1,4,5,5,4,5
101,0,1,5,6,5,5,6
101,0,1,6,6,6,7,4
101,0,1,7,6,6,6,7
101,0,1,8,6,6,5,7
101,0,1,9,7,7,6,7
101,0,1,10,6,7,6,3
101,0,0,11,5,5,4,6
101,0,0,12,5,4,4,6
101,0,0,13,4,5,3,4
101,0,0,14,6,7,5,3
101,0,0,15,4,3,3,2
101,0,0,16,5,6,4,4
101,0,0,17,4,3,4,3
101,0,0,18,5,6,6,5
101,0,0,19,4,4,3,5
101,0,0,20,6,5,4,6
102,1,1,1,4,6,5,7
102,1,1,2,6,6,5,3
102,1,1,3,5,6,5,6
102,1,1,4,5,6,5,7
102,1,1,5,6,6,5,6
102,1,1,6,5,6,5,5
102,1,1,7,5,6,5,5
102,1,1,8,4,6,5,7
102,1,1,9,5,6,5,5
102,1,1,10,5,6,5,5
102,1,0,11,5,6,5,5
102,1,0,12,5,6,5,4
102,1,0,13,5,6,5,6
102,1,0,14,4,6,5,4
102,1,0,15,5,6,5,5
102,1,0,16,7,6,5,6
102,1,0,17,4,6,5,7
102,1,0,18,5,6,5,5
102,1,0,19,4,6,5,4
102,1,0,20,5,6,5,6
103,1,1,1,5,5,6,4
103,1,1,2,5,5,4,6
103,1,1,3,6,4,5,6
103,1,1,4,6,6,5,6
103,1,1,5,5,5,5,4
103,1,1,6,4,6,6,4
103,1,1,7,4,5,4,5
103,1,1,8,5,3,5,4
103,1,1,9,4,5,6,5
103,1,1,10,5,5,5,4
103,1,0,11,5,4,5,4
103,1,0,12,3,6,6,4
103,1,0,13,4,4,5,4
103,1,0,14,4,5,4,4
103,1,0,15,4,6,6,5
103,1,0,16,5,3,3,5
103,1,0,17,5,6,5,6
103,1,0,18,5,3,4,4
103,1,0,19,4,4,4,4
103,1,0,20,4,4,5,5
104,0,1,1,2,4,1,6
104,0,1,2,3,6,8,2
104,0,1,3,7,7,2,6
104,0,1,4,7,6,2,6
104,0,1,5,5,3,8,4
104,0,1,6,5,6,8,2
104,0,1,7,3,7,8,3
104,0,1,8,3,6,8,2
104,0,1,9,2,6,8,3
104,0,1,10,7,3,8,7
104,0,0,11,6,4,2,2
104,0,0,12,3,8,8,3
104,0,0,13,7,5,2,4
104,0,0,14,4,8,8,2
104,0,0,15,6,2,1,2
104,0,0,16,2,2,5,3
104,0,0,17,7,2,2,3
104,0,0,18,6,4,7,5
104,0,0,19,7,1,2,2
104,0,0,20,3,7,8,3
105,0,1,1,5,7,3,5
105,0,1,2,9,9,8,7
105,0,1,3,6,9,6,7
105,0,1,4,4,5,8,7
105,0,1,5,4,8,5,5
105,0,1,6,6,8,8,4
105,0,1,7,2,4,7,4
105,0,1,8,4,3,5,5
105,0,1,9,8,7,4,4
105,0,1,10,3,3,3,5
105,0,0,11,6,6,7,5
105,0,0,12,3,2,6,6
105,0,0,13,4,7,8,6
105,0,0,14,8,3,6,5
105,0,0,15,4,8,5,3
105,0,0,16,7,7,5,5
105,0,0,17,4,4,3,3
105,0,0,18,4,6,5,6
105,0,0,19,3,9,6,3
105,0,0,20,2,2,3,3
106,0,1,1,5,4,5,4
106,0,1,2,6,5,6,6
106,0,1,3,5,5,4,7
106,0,1,4,6,5,6,5
106,0,1,5,5,5,5,3
106,0,1,6,5,5,4,4
106,0,1,7,5,5,4,4
106,0,1,8,5,4,4,3
106,0,1,9,5,4,5,5
106,0,1,10,5,4,6,4
106,0,0,11,5,5,4,4
106,0,0,12,4,5,3,7
106,0,0,13,5,5,4,6
106,0,0,14,5,5,6,4
106,0,0,15,5,3,5,4
106,0,0,16,5,4,6,7
106,0,0,17,5,3,4,4
106,0,0,18,5,6,4,7
106,0,0,19,5,5,4,7
106,0,0,20,5,4,4,3
107,1,1,1,3,4,2,7
107,1,1,2,2,5,7,9
107,1,1,3,7,6,6,7
107,1,1,4,7,7,4,5
107,1,1,5,6,7,7,4
107,1,1,6,7,7,7,2
107,1,1,7,6,3,7,4
107,1,1,8,5,3,8,6
107,1,1,9,8,7,9,2
107,1,1,10,6,5,5,6
107,1,0,11,3,3,2,8
107,1,0,12,4,1,8,5
107,1,0,13,4,3,4,7
107,1,0,14,6,2,6,5
107,1,0,15,2,8,3,4
107,1,0,16,6,5,7,7
107,1,0,17,4,4,3,8
107,1,0,18,4,5,7,7
107,1,0,19,6,4,4,6
107,1,0,20,2,4,7,4
108,1,1,1,9,8,4,4
108,1,1,2,9,8,9,6
108,1,1,3,8,8,7,8
108,1,1,4,9,9,8,9
108,1,1,5,9,8,8,9
108,1,1,6,9,6,8,8
108,1,1,7,9,5,8,7
108,1,1,8,7,5,4,5
108,1,1,9,7,8,8,4
108,1,1,10,8,7,7,6
108,1,0,11,8,4,6,6
108,1,0,12,4,3,3,6
108,1,0,13,9,6,9,2
108,1,0,14,9,8,4,9
108,1,0,15,6,5,7,4
108,1,0,16,9,8,7,2
108,1,0,17,8,4,8,3
108,1,0,18,8,3,5,2
108,1,0,19,6,2,3,1
108,1,0,20,4,4,5,4
109,0,1,1,5,8,5,6
109,0,1,2,6,3,5,6
109,0,1,3,4,4,3,5
109,0,1,4,6,5,6,6
109,0,1,5,6,6,6,6
109,0,1,6,3,5,5,2
109,0,1,7,3,5,4,6
109,0,1,8,3,3,7,7
109,0,1,9,2,4,5,6
109,0,1,10,4,4,7,4
109,0,0,11,7,4,4,6
109,0,0,12,2,8,4,7
109,0,0,13,6,7,4,4
109,0,0,14,6,4,4,7
109,0,0,15,3,4,4,6
109,0,0,16,4,4,3,6
109,0,0,17,7,4,4,3
109,0,0,18,5,4,4,5
109,0,0,19,5,4,6,4
109,0,0,20,2,4,5,6
110,1,1,1,9,5,4,6
110,1,1,2,8,8,6,7
110,1,1,3,9,6,8,5
110,1,1,4,7,9,5,8
110,1,1,5,7,8,4,7
110,1,1,6,4,5,4,7
110,1,1,7,6,4,2,1
110,1,1,8,7,3,8,2
110,1,1,9,7,3,3,2
110,1,1,10,5,1,4,1
110,1,0,11,5,2,6,4
110,1,0,12,8,3,3,6
110,1,0,13,9,7,8,6
110,1,0,14,6,1,3,1
110,1,0,15,9,5,4,5
110,1,0,16,9,7,8,4
110,1,0,17,8,1,3,1
110,1,0,18,5,6,6,5
110,1,0,19,6,1,2,8
110,1,0,20,4,3,2,1
111,1,1,1,5,5,4,2
111,1,1,2,7,4,6,4
111,1,1,3,6,9,5,6
111,1,1,4,9,9,8,8
111,1,1,5,5,1,3,2
111,1,1,6,6,2,3,9
111,1,1,7,7,8,6,2
111,1,1,8,6,4,7,2
111,1,1,9,4,3,2,4
111,1,1,10,4,3,6,8
111,1,0,11,5,3,8,4
111,1,0,12,5,6,4,9
111,1,0,13,8,7,6,8
111,1,0,14,5,4,6,1
111,1,0,15,4,7,4,4
111,1,0,16,9,2,7,8
111,1,0,17,4,2,8,7
111,1,0,18,7,8,7,7
111,1,0,19,4,7,8,5
111,1,0,20,5,1,3,7
112,1,1,1,6,5,6,6
112,1,1,2,4,5,7,4
112,1,1,3,5,4,6,4
112,1,1,4,6,6,4,5
112,1,1,5,3,7,7,4
112,1,1,6,4,7,4,3
112,1,1,7,4,6,6,4
112,1,1,8,3,7,6,3
112,1,1,9,5,7,5,4
112,1,1,10,4,7,4,3
112,1,0,11,4,5,6,5
112,1,0,12,5,5,5,4
112,1,0,13,5,7,4,6
112,1,0,14,4,7,5,3
112,1,0,15,6,5,4,6
112,1,0,16,6,4,7,5
112,1,0,17,5,4,4,4
112,1,0,18,5,5,5,5
112,1,0,19,6,6,3,5
112,1,0,20,7,7,7,5
113,0,1,1,6,3,3,9
113,0,1,2,8,3,1,7
113,0,1,3,9,2,4,9
113,0,1,4,9,3,5,6
113,0,1,5,8,5,2,8
113,0,1,6,8,6,4,8
113,0,1,7,8,3,1,7
113,0,1,8,8,3,1,6
113,0,1,9,9,1,2,7
113,0,1,10,7,1,3,8
113,0,0,11,9,4,4,6
113,0,0,12,6,4,2,9
113,0,0,13,6,5,2,9
113,0,0,14,9,4,4,7
113,0,0,15,8,3,2,8
113,0,0,16,7,5,2,7
113,0,0,17,6,4,2,8
113,0,0,18,7,5,3,5
113,0,0,19,9,5,4,7
113,0,0,20,8,5,2,8
114,1,1,1,8,4,8,7
114,1,1,2,6,5,2,6
114,1,1,3,4,5,5,5
114,1,1,4,6,8,6,3
114,1,1,5,8,5,7,5
114,1,1,6,4,7,2,2
114,1,1,7,4,7,4,3
114,1,1,8,4,7,3,2
114,1,1,9,5,4,7,6
114,1,1,10,3,5,2,2
114,1,0,11,7,5,4,5
114,1,0,12,1,4,2,5
114,1,0,13,7,5,8,2
114,1,0,14,5,7,8,7
114,1,0,15,3,5,3,2
114,1,0,16,8,8,7,5
114,1,0,17,6,4,5,2
114,1,0,18,5,7,3,3
114,1,0,19,2,6,4,1
114,1,0,20,8,7,7,5
115,1,1,1,7,3,7,5
115,1,1,2,7,4,3,5
115,1,1,3,7,4,4,7
115,1,1,4,6,3,7,6
115,1,1,5,8,3,5,8
115,1,1,6,9,5,3,7
115,1,1,7,8,7,5,4
115,1,1,8,8,2,7,8
115,1,1,9,8,4,3,6
115,1,1,10,6,3,3,6
115,1,0,11,3,7,5,7
115,1,0,12,3,8,5,6
115,1,0,13,3,5,3,5
115,1,0,14,7,3,3,7
115,1,0,15,3,4,3,3
115,1,0,16,4,3,2,7
115,1,0,17,3,8,7,6
115,1,0,18,6,3,4,4
115,1,0,19,4,4,5,4
115,1,0,20,2,3,6,5
116,0,1,1,5,4,3,6
116,0,1,2,5,4,4,6
116,0,1,3,5,5,4,4
116,0,1,4,7,5,3,5
116,0,1,5,6,5,4,5
116,0,1,6,5,4,4,5
116,0,1,7,5,4,5,6
116,0,1,8,6,4,3,6
116,0,1,9,7,3,3,4
116,0,1,10,6,3,4,5
116,0,0,11,5,3,4,6
116,0,0,12,5,5,4,6
116,0,0,13,5,3,5,6
116,0,0,14,6,4,5,5
116,0,0,15,6,4,5,4
116,0,0,16,6,3,5,7
116,0,0,17,6,3,4,6
116,0,0,18,6,5,5,6
116,0,0,19,6,5,5,6
116,0,0,20,5,3,5,5
117,0,1,1,8,2,7,1
117,0,1,2,5,4,1,3
117,0,1,3,6,6,4,6
117,0,1,4,3,6,6,4
117,0,1,5,3,3,7,6
117,0,1,6,7,4,8,4
117,0,1,7,2,6,7,4
117,0,1,8,6,6,7,7
117,0,1,9,7,3,1,7
117,0,1,10,3,6,8,7
117,0,0,11,3,4,5,3
117,0,0,12,3,7,1,6
117,0,0,13,4,3,2,4
117,0,0,14,3,2,6,4
117,0,0,15,2,3,3,6
117,0,0,16,4,6,2,6
117,0,0,17,5,6,6,4
117,0,0,18,7,4,7,6
117,0,0,19,3,7,3,4
117,0,0,20,3,3,3,2
118,0,1,1,7,8,4,7
118,0,1,2,7,8,8,6
118,0,1,3,8,9,8,6
118,0,1,4,9,9,8,8
118,0,1,5,6,8,8,7
118,0,1,6,7,9,8,5
118,0,1,7,7,8,9,7
118,0,1,8,7,8,5,9
118,0,1,9,8,8,9,5
118,0,1,10,6,8,9,7
118,0,0,11,8,8,8,8
118,0,0,12,5,7,8,6
118,0,0,13,7,8,8,8
118,0,0,14,8,8,8,9
118,0,0,15,5,8,3,8
118,0,0,16,9,9,9,6
118,0,0,17,8,7,8,6
118,0,0,18,8,7,9,8
118,0,0,19,5,8,8,6
118,0,0,20,7,8,5,9
119,0,1,1,6,8,8,6
119,0,1,2,7,8,8,8
119,0,1,3,8,7,5,7
119,0,1,4,8,8,7,5
119,0,1,5,8,7,7,2
119,0,1,6,7,6,8,7
119,0,1,7,4,6,3,2
119,0,1,8,5,5,3,3
119,0,1,9,5,5,4,3
119,0,1,10,4,8,6,5
119,0,0,11,3,7,5,4
119,0,0,12,3,4,3,8
119,0,0,13,7,7,7,7
119,0,0,14,7,6,8,5
119,0,0,15,6,4,4,3
119,0,0,16,5,8,8,7
119,0,0,17,6,6,4,5
119,0,0,18,6,4,5,5
119,0,0,19,8,7,8,7
119,0,0,20,4,5,5,5
120,0,1,1,8,4,6,6
120,0,1,2,7,3,6,7
120,0,1,3,6,4,6,6
120,0,1,4,8,6,3,5
120,0,1,5,8,8,6,4
120,0,1,6,8,7,3,6
120,0,1,7,3,7,6,6
120,0,1,8,9,8,6,3
120,0,1,9,6,7,7,3
120,0,1,10,2,7,3,7
120,0,0,11,7,4,6,6
120,0,0,12,2,6,2,6
120,0,0,13,8,6,3,5
120,0,0,14,7,8,4,3
120,0,0,15,3,6,8,2
120,0,0,16,8,9,5,7
120,0,0,17,7,3,3,2
120,0,0,18,5,3,4,5
120,0,0,19,5,3,4,4
120,0,0,20,3,9,4,3
121,1,1,1,8,4,8,7
121,1,1,2,5,3,7,4
121,1,1,3,9,5,8,6
121,1,1,4,8,8,7,5
121,1,1,5,6,8,9,8
121,1,1,6,7,4,5,3
121,1,1,7,5,6,4,1
121,1,1,8,6,7,8,1
121,1,1,9,5,5,6,4
121,1,1,10,9,9,9,2
121,1,0,11,4,2,5,8
121,1,0,12,4,2,4,2
121,1,0,13,8,3,8,7
121,1,0,14,4,2,8,3
121,1,0,15,2,1,2,2
121,1,0,16,5,9,9,9
121,1,0,17,3,3,3,5
121,1,0,18,3,4,5,7
121,1,0,19,1,5,3,3
121,1,0,20,3,4,7,4
122,0,1,1,6,5,4,6
122,0,1,2,4,3,6,4
122,0,1,3,4,5,4,7
122,0,1,4,5,4,4,7
122,0,1,5,5,5,5,7
122,0,1,6,6,5,3,7
122,0,1,7,5,5,4,5
122,0,1,8,6,6,3,7
122,0,1,9,4,5,4,7
122,0,1,10,5,5,5,6
122,0,0,11,5,5,4,6
122,0,0,12,6,5,3,6
122,0,0,13,4,5,4,5
122,0,0,14,5,4,4,5
122,0,0,15,7,3,3,7
122,0,0,16,4,4,3,5
122,0,0,17,6,3,3,6
122,0,0,18,4,5,4,5
122,0,0,19,3,4,4,6
122,0,0,20,6,6,5,6
123,1,1,1,3,8,7,4
123,1,1,2,9,4,7,4
123,1,1,3,6,3,6,6
123,1,1,4,9,8,8,9
123,1,1,5,9,8,8,7
123,1,1,6,7,7,6,4
123,1,1,7,2,3,4,2
123,1,1,8,7,8,6,8
123,1,1,9,3,8,7,5
123,1,1,10,3,2,3,3
123,1,0,11,3,6,8,7
123,1,0,12,3,1,3,7
123,1,0,13,8,9,8,9
123,1,0,14,3,7,5,6
123,1,0,15,2,1,1,3
123,1,0,16,8,7,8,8
123,1,0,17,6,3,4,7
123,1,0,18,4,5,6,5
123,1,0,19,5,2,3,4
123,1,0,20,2,4,8,4
124,0,1,1,7,5,5,5
124,0,1,2,7,7,6,4
124,0,1,3,7,4,4,5
124,0,1,4,9,8,7,7
124,0,1,5,8,7,7,3
124,0,1,6,8,6,4,4
124,0,1,7,6,3,5,4
124,0,1,8,6,6,6,6
124,0,1,9,8,7,6,7
124,0,1,10,5,4,3,7
124,0,0,11,6,5,4,4
124,0,0,12,5,3,3,5
124,0,0,13,8,7,8,3
124,0,0,14,5,4,7,4
124,0,0,15,5,3,3,3
124,0,0,16,8,7,8,5
124,0,0,17,8,5,4,7
124,0,0,18,6,4,6,4
124,0,0,19,6,6,6,6
124,0,0,20,7,6,8,4
125,0,1,1,7,5,4,4
125,0,1,2,7,4,4,4
125,0,1,3,4,7,5,6
125,0,1,4,8,7,7,6
125,0,1,5,6,8,5,7
125,0,1,6,8,5,7,6
125,0,1,7,6,3,4,4
125,0,1,8,7,4,4,4
125,0,1,9,7,5,6,7
125,0,1,10,7,7,7,7
125,0,0,11,6,4,5,6
125,0,0,12,3,8,6,7
125,0,0,13,5,5,6,4
125,0,0,14,6,4,4,5
125,0,0,15,4,3,4,2
125,0,0,16,6,6,5,4
125,0,0,17,4,4,4,7
125,0,0,18,4,4,4,3
125,0,0,19,6,6,6,4
125,0,0,20,5,7,4,6
126,0,1,1, ,9,8,5
126,0,1,2, ,1,1,9
126,0,1,3, ,8,2,3
126,0,1,4, ,7,4,5
126,0,1,5, ,7,9,6
126,0,1,6, ,2,9,6
126,0,1,7, ,1,1,1
126,0,1,8, ,2,2,5
126,0,1,9, ,1,8,8
126,0,1,10, ,3,9,1
126,0,0,11, ,7,6,3
126,0,0,12, ,3,2,1
126,0,0,13, ,4,9,6
126,0,0,14, ,7,4,7
126,0,0,15, ,9,7,2
126,0,0,16, ,9,7,2
126,0,0,17, ,9,5,4
126,0,0,18, ,9,3,8
126,0,0,19, ,9,3,7
126,0,0,20, ,5,5,3
127,1,1,1,9,9,5,6
127,1,1,2,9,9,8,6
127,1,1,3,8,8,6,7
127,1,1,4,8,3,7,7
127,1,1,5,5,3,5,7
127,1,1,6,5,4,9,3
127,1,1,7,1,1,2,1
127,1,1,8,4,1,2,3
127,1,1,9,6,2,2,5
127,1,1,10,9,3,3,2
127,1,0,11,5,4,2,3
127,1,0,12,1,1,1,5
127,1,0,13,6,3,4,6
127,1,0,14,5,8,5,7
127,1,0,15,4,2,1,1
127,1,0,16,9,2,3,6
127,1,0,17,3,1,1,2
127,1,0,18,7,2,3,1
127,1,0,19,1,1,2,2
127,1,0,20,9,8,1,1
128,0,1,1,5,5,5,5
128,0,1,2,5,5,5,5
128,0,1,3,5,5,9,5
128,0,1,4,5,5,5,5
128,0,1,5,5,5,5,5
128,0,1,6,5,4,5,5
128,0,1,7,5,5,1,5
128,0,1,8,5,5,5,5
128,0,1,9,4,5,5,5
128,0,1,10,5,5,5,5
128,0,0,11,5,5,5,5
128,0,0,12,5,5,5,5
128,0,0,13,5,5,5,5
128,0,0,14,5,5,5,5
128,0,0,15,5,5,5,5
128,0,0,16,5,5,5,5
128,0,0,17,5,5,5,5
128,0,0,18,5,5,1,5
128,0,0,19,5,5,5,5
128,0,0,20,5,5,5,5
129,1,1,1,6,5,8,8
129,1,1,2,3,7,4,4
129,1,1,3,6,4,4,3
129,1,1,4,7,5,4,8
129,1,1,5,4,5,4,7
129,1,1,6,5,5,2,3
129,1,1,7,6,6,4,2
129,1,1,8,5,6,8,2
129,1,1,9,5,6,7,3
129,1,1,10,4,6,3,6
129,1,0,11,3,5,8,4
129,1,0,12,5,5,2,8
129,1,0,13,5,4,7,7
129,1,0,14,6,7,8,7
129,1,0,15,6,7,2,6
129,1,0,16,7,5,3,8
129,1,0,17,4,6,3,7
129,1,0,18,5,5,4,4
129,1,0,19,5,6,2,5
129,1,0,20,4,5,4,6
